use geodata;

delete from result;
delete from receipt;
delete from despatch_detail;
delete from despatch_sample;
delete from despatch;

delete from lkp_code;
delete from lkp_category;

delete from sample;
delete from lithology;
delete from site_survey;
delete from site;
delete from project;

-- Заполним таблицы справочников
insert into lkp_category values 
	('site_type','Тип скважины'),
	('site_purpose','Назначение скважины'),
	('geologist','Геолог'),
	('site_diam','Диаметр скважины'),
	('sample_type','Тип пробы'),
	('company','Подрядная организация'),
	('lith_code','Литологический код'),
	('colour','Цвет'),
	('structure','Структура'),
	('texture','Текстура'),
	('coordsys','Система координат');

insert into lkp_code values 
	('site_type','BH','Скважина с поверхности'),
	('site_purpose','EXP','Скважина геологоразведочная'),
	('site_purpose','RC','Скважина RC'),
	('geologist','Степанов','Степанов Артём'),
	('geologist','Коровина','Коровина Айна'),
	('site_diam','HQ','HQ'),
	('site_diam','PQ','PQ'),
	('sample_type','core','керновая'),
	('sample_type','RC','шламовая RC'),
	('company','SDC','Сибирская буровая компания'),
	('lith_code','ps','песчаники'),
	('lith_code','al','алевролиты'),
	('lith_code','br','брекчии'),
	('lith_code','q','кварцы'),
	('lith_code','pyr','пириты'),
	('colour','blk','черный'),
	('colour','ylw','желтый'),
	('colour','red','красный'),
	('coordsys','LOCAL','Локальная СК')
	;

-- Месторождения
insert into project (project, description) values
	('East','East ore field')
	,('West', 'West ore field');

-- Скважины
insert into site (project, site_id, site_type, start_depth, date_started, date_completed, site_purpose, site_diam, end_depth, comments, geologist ) values
	('East','E01', 'BH', 0, '2018-10-05', '2018-10-08', 'EXP', 'HQ', 125, 'SDC','Степанов'),
	('East','E02', 'BH', 0, '2018-11-05', '2018-11-09', 'EXP', 'HQ', 135, 'SDC','Степанов'),
	('East','RC-25', 'BH', 0, '2018-12-03', '2018-12-04', 'EXP', 'PQ', 140, 'SDC','Степанов');

-- Координаты
insert into site_survey values
	('East', 'E01', 1, '2018-10-10','LOCAL', 205236.8, 56857.4, 896.9),
		('East', 'E01', 2, '2018-10-12','LOCAL', 205236.8, 56857.3, 896.3), -- означает, что производился повторный перезамер координат Маркшейдерами
	('East', 'E02', 1, '2018-11-15','LOCAL', 205241.9, 56856.3, 897.1),
	('East', 'RC-25', 1, '2018-12-12','LOCAL', 205280.3, 56957.1, 890.2)
;

-- Геологические пробы
insert into sample values
	('East','E01','01',0,1,'core',5,'Степанов','2018-10-05'),
	('East','E01','02',1,2,'core',4,'Степанов','2018-10-05'),
	('East','E01','03',2,3,'core',4,'Степанов','2018-10-05'),
	('East','E01','04',3,4,'core',6,'Степанов','2018-10-05'),
	('East','E01','05',4,5,'core',5,'Степанов','2018-10-05'),
	('East','E01','06',5,6,'core',4,'Степанов','2018-10-05'),
	('East','E01','07',6,7,'core',6,'Степанов','2018-10-05'),
	('East','E01','08',7,8,'core',6,'Степанов','2018-10-05'),
	('East','E01','09',8,9,'core',5,'Степанов','2018-10-05'),
	('East','E01','10',9,10,'core',6,'Степанов','2018-10-05'),
	('East','E01','11',10,11,'core',6,'Степанов','2018-10-05'),
	('East','E01','12',11,12,'core',6,'Степанов','2018-10-05'),
	('East','E01','13',12,13,'core',5,'Степанов','2018-10-05'),
	('East','E01','14',13,14,'core',4,'Степанов','2018-10-05'),
	('East','E01','15',14,15,'core',6,'Степанов','2018-10-05'),
	('East','E01','16',15,16,'core',6,'Степанов','2018-10-05'),
	('East','E01','17',16,17,'core',6,'Степанов','2018-10-05'),
	('East','E01','18',17,18,'core',4,'Степанов','2018-10-05'),
	('East','E01','19',18,19,'core',6,'Степанов','2018-10-05'),
	('East','E01','20',19,20,'core',6,'Степанов','2018-10-05'),
	('East','E01','21',20,21,'core',4,'Степанов','2018-10-05'),
	('East','E01','22',21,22,'core',4,'Степанов','2018-10-05'),
	('East','E01','23',22,23,'core',5,'Степанов','2018-10-05'),
	('East','E01','24',23,24,'core',4,'Степанов','2018-10-05'),
	('East','E01','25',24,25,'core',5,'Степанов','2018-10-05'),
	('East','E01','26',25,26,'core',5,'Степанов','2018-10-05'),
	('East','E01','27',26,27,'core',5,'Степанов','2018-10-05'),
	('East','E01','28',27,28,'core',6,'Степанов','2018-10-05'),
	('East','E01','29',28,29,'core',4,'Степанов','2018-10-05'),
	('East','E01','30',29,30,'core',6,'Степанов','2018-10-05'),
	('East','E01','31',30,31,'core',6,'Степанов','2018-10-05'),
	('East','E01','32',31,32,'core',6,'Степанов','2018-10-05'),
	('East','E01','33',32,33,'core',5,'Степанов','2018-10-05'),
	('East','E01','34',33,34,'core',6,'Степанов','2018-10-05'),
	('East','E01','35',34,35,'core',5,'Степанов','2018-10-05'),
	('East','E01','36',35,36,'core',6,'Степанов','2018-10-05'),
	('East','E01','37',36,37,'core',5,'Степанов','2018-10-05'),
	('East','E01','38',37,38,'core',6,'Степанов','2018-10-05'),
	('East','E01','39',38,39,'core',4,'Степанов','2018-10-05'),
	('East','E01','40',39,40,'core',6,'Степанов','2018-10-05'),
	('East','E01','41',40,41,'core',5,'Степанов','2018-10-05'),
	('East','E01','42',41,42,'core',5,'Степанов','2018-10-05'),
	('East','E01','43',42,43,'core',6,'Степанов','2018-10-05'),
	('East','E01','44',43,44,'core',6,'Степанов','2018-10-05'),
	('East','E01','45',44,45,'core',5,'Степанов','2018-10-05'),
	('East','E01','46',45,46,'core',6,'Степанов','2018-10-05'),
	('East','E01','47',46,47,'core',4,'Степанов','2018-10-05'),
	('East','E01','48',47,48,'core',6,'Степанов','2018-10-05'),
	('East','E01','49',48,49,'core',6,'Степанов','2018-10-05'),
	('East','E01','50',49,50,'core',5,'Степанов','2018-10-05'),
	('East','E01','51',50,51,'core',5,'Степанов','2018-10-05'),
	('East','E01','52',51,52,'core',6,'Степанов','2018-10-05'),
	('East','E01','53',52,53,'core',5,'Степанов','2018-10-05'),
	('East','E01','54',53,54,'core',5,'Степанов','2018-10-05'),
	('East','E01','55',54,55,'core',5,'Степанов','2018-10-05'),
	('East','E01','56',55,56,'core',4,'Степанов','2018-10-05'),
	('East','E01','57',56,57,'core',5,'Степанов','2018-10-05'),
	('East','E01','58',57,58,'core',4,'Степанов','2018-10-05'),
	('East','E01','59',58,59,'core',6,'Степанов','2018-10-05'),
	('East','E01','60',59,60,'core',5,'Степанов','2018-10-05'),
	('East','E01','61',60,61,'core',4,'Степанов','2018-10-05'),
	('East','E01','62',61,62,'core',6,'Степанов','2018-10-05'),
	('East','E01','63',62,63,'core',4,'Степанов','2018-10-05'),
	('East','E01','64',63,64,'core',6,'Степанов','2018-10-05'),
	('East','E01','65',64,65,'core',4,'Степанов','2018-10-05'),
	('East','E01','66',65,66,'core',4,'Степанов','2018-10-05'),
	('East','E01','67',66,67,'core',5,'Степанов','2018-10-05'),
	('East','E01','68',67,68,'core',6,'Степанов','2018-10-05'),
	('East','E01','69',68,69,'core',4,'Степанов','2018-10-05'),
	('East','E01','70',69,70,'core',5,'Степанов','2018-10-05'),
	('East','E01','71',70,71,'core',4,'Степанов','2018-10-05'),
	('East','E01','72',71,72,'core',4,'Степанов','2018-10-05'),
	('East','E01','73',72,73,'core',4,'Степанов','2018-10-05'),
	('East','E01','74',73,74,'core',6,'Степанов','2018-10-05'),
	('East','E01','75',74,75,'core',6,'Степанов','2018-10-05'),
	('East','E01','76',75,76,'core',4,'Степанов','2018-10-05'),
	('East','E01','77',76,77,'core',5,'Степанов','2018-10-05'),
	('East','E01','78',77,78,'core',5,'Степанов','2018-10-05'),
	('East','E01','79',78,79,'core',4,'Степанов','2018-10-05'),
	('East','E01','80',79,80,'core',6,'Степанов','2018-10-05'),
	('East','E01','81',80,81,'core',4,'Степанов','2018-10-05'),
	('East','E01','82',81,82,'core',6,'Степанов','2018-10-05'),
	('East','E01','83',82,83,'core',5,'Степанов','2018-10-05'),
	('East','E01','84',83,84,'core',4,'Степанов','2018-10-05'),
	('East','E01','85',84,85,'core',6,'Степанов','2018-10-05'),
	('East','E01','86',85,86,'core',4,'Степанов','2018-10-05'),
	('East','E01','87',86,87,'core',6,'Степанов','2018-10-05'),
	('East','E01','88',87,88,'core',6,'Степанов','2018-10-05'),
	('East','E01','89',88,89,'core',6,'Степанов','2018-10-05'),
	('East','E01','90',89,90,'core',5,'Степанов','2018-10-05'),
	('East','E01','91',90,91,'core',5,'Степанов','2018-10-05'),
	('East','E01','92',91,92,'core',6,'Степанов','2018-10-05'),
	('East','E01','93',92,93,'core',5,'Степанов','2018-10-05'),
	('East','E01','94',93,94,'core',6,'Степанов','2018-10-05'),
	('East','E01','95',94,95,'core',4,'Степанов','2018-10-05'),
	('East','E01','96',95,96,'core',4,'Степанов','2018-10-05'),
	('East','E01','97',96,97,'core',4,'Степанов','2018-10-05'),
	('East','E01','98',97,98,'core',6,'Степанов','2018-10-05'),
	('East','E01','99',98,99,'core',4,'Степанов','2018-10-05'),
	('East','E01','100',99,100,'core',6,'Степанов','2018-10-05'),
	('East','E01','101',100,101,'core',6,'Степанов','2018-10-05'),
	('East','E01','102',101,102,'core',4,'Степанов','2018-10-05'),
	('East','E01','103',102,103,'core',5,'Степанов','2018-10-05'),
	('East','E01','104',103,104,'core',6,'Степанов','2018-10-05'),
	('East','E01','105',104,105,'core',6,'Степанов','2018-10-05'),
	('East','E01','106',105,106,'core',4,'Степанов','2018-10-05'),
	('East','E01','107',106,107,'core',6,'Степанов','2018-10-05'),
	('East','E01','108',107,108,'core',6,'Степанов','2018-10-08'),
	('East','E01','109',108,109,'core',5,'Степанов','2018-10-08'),
	('East','E01','110',109,110,'core',4,'Степанов','2018-10-08'),
	('East','E01','111',110,111,'core',4,'Степанов','2018-10-08'),
	('East','E01','112',111,112,'core',5,'Степанов','2018-10-08'),
	('East','E01','113',112,113,'core',4,'Степанов','2018-10-08'),
	('East','E01','114',113,114,'core',5,'Степанов','2018-10-08'),
	('East','E01','115',114,115,'core',6,'Степанов','2018-10-08'),
	('East','E01','116',115,116,'core',6,'Степанов','2018-10-08'),
	('East','E01','117',116,117,'core',5,'Степанов','2018-10-08'),
	('East','E01','118',117,118,'core',4,'Степанов','2018-10-08'),
	('East','E01','119',118,119,'core',6,'Степанов','2018-10-08'),
	('East','E01','120',119,120,'core',6,'Степанов','2018-10-08'),
	('East','E01','121',120,121,'core',5,'Степанов','2018-10-08'),
	('East','E01','122',121,122,'core',6,'Степанов','2018-10-08'),
	('East','E01','123',122,123,'core',4,'Степанов','2018-10-08'),
	('East','E01','124',123,124,'core',5,'Степанов','2018-10-08'),
	('East','E01','125',124,125,'core',5,'Степанов','2018-10-08')
;

-- Литологическое описание интервалов скважин
insert into lithology values
	('East','E01',0,10,'ps',100,'ylw',null,null,null),
	('East','E01',10,15,'ps',95,'ylw',null,null,null),
	('East','E01',15,65,'br',90,'blk',null,null,null),
	('East','E01',65,105,'q',85,'blk',null,null,null),
	('East','E02',0,13,'ps',100,'ylw',null,null,null),
	('East','E02',13,19,'ps',95,'ylw',null,null,null),
	('East','E02',19,55,'br',90,'blk',null,null,null),
	('East','E02',55,115,'q',85,'blk',null,null,null)
;

-- Отправки в лаборатории
insert into despatch values
	('D2018_36','SGS', '2018-10-25');

-- Детали отправок в лаборатории
insert into despatch_detail values
	('D2018_36','PA', 'Au', 'PPM'),
	('D2018_36','PA', 'Ag', 'PPM')
;

-- Пробы, вошедшие в отправки
insert into despatch_sample values
	('D2018_36','01','East','E01','01'),
	('D2018_36','02','East','E01','02'),
	('D2018_36','03','East','E01','03'),
	('D2018_36','04','East','E01','04'),
	('D2018_36','05','East','E01','05'),
	('D2018_36','06','East','E01','06'),
	('D2018_36','07','East','E01','07'),
	('D2018_36','08','East','E01','08'),
	('D2018_36','09','East','E01','09'),
	('D2018_36','10','East','E01','10'),
	('D2018_36','11','East','E01','11'),
	('D2018_36','12','East','E01','12'),
	('D2018_36','13','East','E01','13'),
	('D2018_36','14','East','E01','14'),
	('D2018_36','15','East','E01','15'),
	('D2018_36','16','East','E01','16'),
	('D2018_36','17','East','E01','17'),
	('D2018_36','18','East','E01','18'),
	('D2018_36','19','East','E01','19'),
	('D2018_36','20','East','E01','20'),
	('D2018_36','21','East','E01','21'),
	('D2018_36','22','East','E01','22'),
	('D2018_36','23','East','E01','23'),
	('D2018_36','24','East','E01','24'),
	('D2018_36','25','East','E01','25'),
	('D2018_36','26','East','E01','26'),
	('D2018_36','27','East','E01','27'),
	('D2018_36','28','East','E01','28'),
	('D2018_36','29','East','E01','29'),
	('D2018_36','30','East','E01','30'),
	('D2018_36','31','East','E01','31'),
	('D2018_36','32','East','E01','32'),
	('D2018_36','33','East','E01','33'),
	('D2018_36','34','East','E01','34'),
	('D2018_36','35','East','E01','35'),
	('D2018_36','36','East','E01','36'),
	('D2018_36','37','East','E01','37'),
	('D2018_36','38','East','E01','38'),
	('D2018_36','39','East','E01','39'),
	('D2018_36','40','East','E01','40'),
	('D2018_36','41','East','E01','41'),
	('D2018_36','42','East','E01','42'),
	('D2018_36','43','East','E01','43'),
	('D2018_36','44','East','E01','44'),
	('D2018_36','45','East','E01','45'),
	('D2018_36','46','East','E01','46'),
	('D2018_36','47','East','E01','47'),
	('D2018_36','48','East','E01','48'),
	('D2018_36','49','East','E01','49'),
	('D2018_36','50','East','E01','50'),
	('D2018_36','51','East','E01','51'),
	('D2018_36','52','East','E01','52'),
	('D2018_36','53','East','E01','53'),
	('D2018_36','54','East','E01','54'),
	('D2018_36','55','East','E01','55'),
	('D2018_36','56','East','E01','56'),
	('D2018_36','57','East','E01','57'),
	('D2018_36','58','East','E01','58'),
	('D2018_36','59','East','E01','59'),
	('D2018_36','60','East','E01','60'),
	('D2018_36','61','East','E01','61'),
	('D2018_36','62','East','E01','62'),
	('D2018_36','63','East','E01','63'),
	('D2018_36','64','East','E01','64'),
	('D2018_36','65','East','E01','65'),
	('D2018_36','66','East','E01','66'),
	('D2018_36','67','East','E01','67'),
	('D2018_36','68','East','E01','68'),
	('D2018_36','69','East','E01','69'),
	('D2018_36','70','East','E01','70'),
	('D2018_36','71','East','E01','71'),
	('D2018_36','72','East','E01','72'),
	('D2018_36','73','East','E01','73'),
	('D2018_36','74','East','E01','74'),
	('D2018_36','75','East','E01','75'),
	('D2018_36','76','East','E01','76'),
	('D2018_36','77','East','E01','77'),
	('D2018_36','78','East','E01','78'),
	('D2018_36','79','East','E01','79'),
	('D2018_36','80','East','E01','80'),
	('D2018_36','81','East','E01','81'),
	('D2018_36','82','East','E01','82'),
	('D2018_36','83','East','E01','83'),
	('D2018_36','84','East','E01','84'),
	('D2018_36','85','East','E01','85'),
	('D2018_36','86','East','E01','86'),
	('D2018_36','87','East','E01','87'),
	('D2018_36','88','East','E01','88'),
	('D2018_36','89','East','E01','89'),
	('D2018_36','90','East','E01','90'),
	('D2018_36','91','East','E01','91'),
	('D2018_36','92','East','E01','92'),
	('D2018_36','93','East','E01','93'),
	('D2018_36','94','East','E01','94'),
	('D2018_36','95','East','E01','95'),
	('D2018_36','96','East','E01','96'),
	('D2018_36','97','East','E01','97'),
	('D2018_36','98','East','E01','98'),
	('D2018_36','99','East','E01','99'),
	('D2018_36','100','East','E01','100'),
	('D2018_36','101','East','E01','101'),
	('D2018_36','102','East','E01','102'),
	('D2018_36','103','East','E01','103'),
	('D2018_36','104','East','E01','104'),
	('D2018_36','105','East','E01','105'),
	('D2018_36','106','East','E01','106'),
	('D2018_36','107','East','E01','107'),
	('D2018_36','108','East','E01','108'),
	('D2018_36','109','East','E01','109'),
	('D2018_36','110','East','E01','110'),
	('D2018_36','111','East','E01','111'),
	('D2018_36','112','East','E01','112'),
	('D2018_36','113','East','E01','113'),
	('D2018_36','114','East','E01','114'),
	('D2018_36','115','East','E01','115'),
	('D2018_36','116','East','E01','116'),
	('D2018_36','117','East','E01','117'),
	('D2018_36','118','East','E01','118'),
	('D2018_36','119','East','E01','119'),
	('D2018_36','120','East','E01','120'),
	('D2018_36','121','East','E01','121'),
	('D2018_36','122','East','E01','122'),
	('D2018_36','123','East','E01','123'),
	('D2018_36','124','East','E01','124'),
	('D2018_36','125','East','E01','125')
;	

insert into receipt values
	('D2018_36','L8','2018-12-12','2018-12-12','L8_SGS_protocol.csv')
;

insert into result values
	('D2018_36','L8','01','PA','Au','PPM',0,0)
	,('D2018_36','L8','02','PA','Au','PPM',0.01,0.07),
	('D2018_36','L8','03','PA','Au','PPM',0.02,0.07),
	('D2018_36','L8','04','PA','Au','PPM',0.03,0.07),
	('D2018_36','L8','05','PA','Au','PPM',0.01,0.07),
	('D2018_36','L8','06','PA','Au','PPM',0.02,0.07),
	('D2018_36','L8','07','PA','Au','PPM',0.01,0.07),
	('D2018_36','L8','08','PA','Au','PPM',0,0.07),
	('D2018_36','L8','09','PA','Au','PPM',0,0.07),
	('D2018_36','L8','10','PA','Au','PPM',0.01,0.07),
	('D2018_36','L8','11','PA','Au','PPM',0.01,0.07),
	('D2018_36','L8','12','PA','Au','PPM',0.01,0.07),
	('D2018_36','L8','13','PA','Au','PPM',0,0.07),
	('D2018_36','L8','14','PA','Au','PPM',0.03,0.07),
	('D2018_36','L8','15','PA','Au','PPM',0.01,0.07),
	('D2018_36','L8','16','PA','Au','PPM',0.02,0.07),
	('D2018_36','L8','17','PA','Au','PPM',0.03,0.07),
	('D2018_36','L8','18','PA','Au','PPM',0,0.07),
	('D2018_36','L8','19','PA','Au','PPM',0.01,0.07),
	('D2018_36','L8','20','PA','Au','PPM',0.03,0.07),
	('D2018_36','L8','21','PA','Au','PPM',0,0.07),
	('D2018_36','L8','22','PA','Au','PPM',0.01,0.07),
	('D2018_36','L8','23','PA','Au','PPM',0.03,0.07),
	('D2018_36','L8','24','PA','Au','PPM',0.02,0.07),
	('D2018_36','L8','25','PA','Au','PPM',0.02,0.07),
	('D2018_36','L8','26','PA','Au','PPM',0.02,0.07),
	('D2018_36','L8','27','PA','Au','PPM',0,0.07),
	('D2018_36','L8','28','PA','Au','PPM',0,0.07),
	('D2018_36','L8','29','PA','Au','PPM',0.02,0.07),
	('D2018_36','L8','30','PA','Au','PPM',0,0.07),
	('D2018_36','L8','31','PA','Au','PPM',0.01,0.07),
	('D2018_36','L8','32','PA','Au','PPM',0.01,0.07),
	('D2018_36','L8','33','PA','Au','PPM',0.02,0.07),
	('D2018_36','L8','34','PA','Au','PPM',0.02,0.07),
	('D2018_36','L8','35','PA','Au','PPM',0.03,0.07),
	('D2018_36','L8','36','PA','Au','PPM',0.03,0.07),
	('D2018_36','L8','37','PA','Au','PPM',0,0.07),
	('D2018_36','L8','38','PA','Au','PPM',0.02,0.07),
	('D2018_36','L8','39','PA','Au','PPM',0.02,0.07),
	('D2018_36','L8','40','PA','Au','PPM',0,0.07),
	('D2018_36','L8','41','PA','Au','PPM',0.03,0.07),
	('D2018_36','L8','42','PA','Au','PPM',0.02,0.07),
	('D2018_36','L8','43','PA','Au','PPM',0.01,0.07),
	('D2018_36','L8','44','PA','Au','PPM',0.01,0.07),
	('D2018_36','L8','45','PA','Au','PPM',0.03,0.07),
	('D2018_36','L8','46','PA','Au','PPM',0.02,0.07),
	('D2018_36','L8','47','PA','Au','PPM',0,0.07),
	('D2018_36','L8','48','PA','Au','PPM',0.01,0.07),
	('D2018_36','L8','49','PA','Au','PPM',0.02,0.07),
	('D2018_36','L8','50','PA','Au','PPM',0.02,0.07),
	('D2018_36','L8','51','PA','Au','PPM',0.02,0.07),
	('D2018_36','L8','52','PA','Au','PPM',0.02,0.07),
	('D2018_36','L8','53','PA','Au','PPM',0.01,0.07),
	('D2018_36','L8','54','PA','Au','PPM',0.02,0.07),
	('D2018_36','L8','55','PA','Au','PPM',0.01,0.07),
	('D2018_36','L8','56','PA','Au','PPM',0.02,0.07),
	('D2018_36','L8','57','PA','Au','PPM',0.02,0.07),
	('D2018_36','L8','58','PA','Au','PPM',0,0.07),
	('D2018_36','L8','59','PA','Au','PPM',0.02,0.07),
	('D2018_36','L8','60','PA','Au','PPM',0.03,0.07),
	('D2018_36','L8','61','PA','Au','PPM',0.03,0.07),
	('D2018_36','L8','62','PA','Au','PPM',0.01,0.07),
	('D2018_36','L8','63','PA','Au','PPM',0.03,0.07),
	('D2018_36','L8','64','PA','Au','PPM',0.03,0.07),
	('D2018_36','L8','65','PA','Au','PPM',0.01,0.07),
	('D2018_36','L8','66','PA','Au','PPM',0.02,0.07),
	('D2018_36','L8','67','PA','Au','PPM',0,0.07),
	('D2018_36','L8','68','PA','Au','PPM',0.01,0.07),
	('D2018_36','L8','69','PA','Au','PPM',0.02,0.07),
	('D2018_36','L8','70','PA','Au','PPM',0,0.07),
	('D2018_36','L8','71','PA','Au','PPM',0.03,0.07),
	('D2018_36','L8','72','PA','Au','PPM',0.01,0.07),
	('D2018_36','L8','73','PA','Au','PPM',0.01,0.07),
	('D2018_36','L8','74','PA','Au','PPM',0,0.07),
	('D2018_36','L8','75','PA','Au','PPM',0.03,0.07),
	('D2018_36','L8','76','PA','Au','PPM',0.03,0.07),
	('D2018_36','L8','77','PA','Au','PPM',0.01,0.07),
	('D2018_36','L8','78','PA','Au','PPM',0.02,0.07),
	('D2018_36','L8','79','PA','Au','PPM',0.02,0.07),
	('D2018_36','L8','80','PA','Au','PPM',0.02,0.07),
	('D2018_36','L8','81','PA','Au','PPM',0,0.07),
	('D2018_36','L8','82','PA','Au','PPM',0.02,0.07),
	('D2018_36','L8','83','PA','Au','PPM',0,0.07),
	('D2018_36','L8','84','PA','Au','PPM',0.01,0.07),
	('D2018_36','L8','85','PA','Au','PPM',0.03,0.07),
	('D2018_36','L8','86','PA','Au','PPM',0,0.07),
	('D2018_36','L8','87','PA','Au','PPM',0.03,0.07),
	('D2018_36','L8','88','PA','Au','PPM',0.02,0.07),
	('D2018_36','L8','89','PA','Au','PPM',0,0.07),
	('D2018_36','L8','90','PA','Au','PPM',0.01,0.07),
	('D2018_36','L8','91','PA','Au','PPM',0.02,0.07),
	('D2018_36','L8','92','PA','Au','PPM',0.01,0.07),
	('D2018_36','L8','93','PA','Au','PPM',0.01,0.07),
	('D2018_36','L8','94','PA','Au','PPM',0.02,0.07),
	('D2018_36','L8','95','PA','Au','PPM',0.03,0.07),
	('D2018_36','L8','96','PA','Au','PPM',0,0.07),
	('D2018_36','L8','97','PA','Au','PPM',0.02,0.07),
	('D2018_36','L8','98','PA','Au','PPM',0,0.07),
	('D2018_36','L8','99','PA','Au','PPM',0,0.07),
	('D2018_36','L8','100','PA','Au','PPM',0,0.07),
	('D2018_36','L8','101','PA','Au','PPM',0.02,0.07),
	('D2018_36','L8','102','PA','Au','PPM',0,0.07),
	('D2018_36','L8','103','PA','Au','PPM',0.03,0.07),
	('D2018_36','L8','104','PA','Au','PPM',0.03,0.07),
	('D2018_36','L8','105','PA','Au','PPM',0.01,0.07),
	('D2018_36','L8','106','PA','Au','PPM',0,0.07),
	('D2018_36','L8','107','PA','Au','PPM',0.03,0.07),
	('D2018_36','L8','108','PA','Au','PPM',0.01,0.07),
	('D2018_36','L8','109','PA','Au','PPM',0.03,0.07),
	('D2018_36','L8','110','PA','Au','PPM',0,0.07),
	('D2018_36','L8','111','PA','Au','PPM',0.01,0.07),
	('D2018_36','L8','112','PA','Au','PPM',0.03,0.07),
	('D2018_36','L8','113','PA','Au','PPM',0,0.07),
	('D2018_36','L8','114','PA','Au','PPM',0.01,0.07),
	('D2018_36','L8','115','PA','Au','PPM',0.01,0.07),
	('D2018_36','L8','116','PA','Au','PPM',0,0.07),
	('D2018_36','L8','117','PA','Au','PPM',0.01,0.07),
	('D2018_36','L8','118','PA','Au','PPM',0.03,0.07),
	('D2018_36','L8','119','PA','Au','PPM',0.02,0.07),
	('D2018_36','L8','120','PA','Au','PPM',0.02,0.07),
	('D2018_36','L8','121','PA','Au','PPM',0.02,0.07),
	('D2018_36','L8','122','PA','Au','PPM',0.02,0.07),
	('D2018_36','L8','123','PA','Au','PPM',0,0.07),
	('D2018_36','L8','124','PA','Au','PPM',0.01,0.07),
	('D2018_36','L8','125','PA','Au','PPM',0.03,0.07)
;
